Column1,Reviews,P or N
0,헤라 잘 먹고 씩씩해요.피부가 깨끗해요.헤라 자동 간식통에도 넣어 줬는데 헤라 짱 좋아해요.,99.44% 확률로 긍정 리뷰입니다.
1,잘 먹고 건강해요.피부도 깨끗 하고요.털도 좋아요.,98.67% 확률로 긍정 리뷰입니다.
2,"요거 처음 먹이는데 너무너무 좋아요~~~^_^아픈 아이이기도 하고 알러지 , 습진, 피부 문제가 많고 몸에서 냄새도 좀 심한편인데신기하게 요거 먹인지 일주일인것 같은데몸에서 냄새가 안나요!!눈물도 확 줄었어요!! 아주아주 좋네요!!응가도 너무 부드럽게 잘 싸구 냄새도 괜찮아요!정말 좋다는거랑 비싼거 먹여봤지만이 사료가 제일 만족도 높도 이제 정착하려구요!물론 우리 강아지 입맛에도 너무 잘 맞아해서요 ㅎ 진짜 비싸고 비싼사료 후기들 보면 강아지들이더 달라고 덤빈다고 하는데 저희 강아지 입엔정말 별로인 사료도 많았는데전엔 네츄럴 코어 연어나 오리 먹여봤는데이 베지테리언을 제일 잘 먹고 먹는 모습이 너무 예쁘고.. 알갱이 크기도 너무 작지 않아서오독 오독 씹기도 하구요 !!이제 정착템 찾았어요!!펫프 배송도 너무 빨라요 !제주도지만 주문 당일부터 이틀 걸린것 같아요!최고!!!",98.55% 확률로 긍정 리뷰입니다.
3,우리둘째가 태어나서부터 눈물이 많았어요~정말 눈에좋다는 사료를 끊임없이 바꿔가며 급여했는데..냄새만좋아질뿐 눈물은여전하더라구요..지인추천받아서 내츄럴코어베지테리언으로 바로구매하고 아침급여를했는데..오독오독 아주잘먹네요~큰애는 다욧때문에~~근데급여량이 기존에주던사료량양이 엄청많더라구요..푸짐한식사를했습니다..기호성이떨어진단얘기가있었지만..아주 자~알 먹네요눈물이 제발 안나길 바래봅니다,98.64% 확률로 긍정 리뷰입니다.
4,진돗개헤라가 잘 먹고 털도 피부도 윤기 나고 건강해요.,98.17% 확률로 긍정 리뷰입니다.
5,이거 진짜 잘먹어요!!! 그래서 대용량으오 샀어요!! 강쥐가 단백뇨 증상이 조금 있늠데 이거 먹고 좋아진다는 후기를 봤어요 열심히 먹잉라구용,99.25% 확률로 긍정 리뷰입니다.
6,왼쪽이 애코10베지테리언 오른쪽이 에코4유기농 뭐 색만차이나네요 울개는 둘다잘먹네유,60.02% 확률로 긍정 리뷰입니다.
7,"이번이 두번째 구매에요 : -)아무리 비싼 사료도 저희 강아지는 No를 외쳤죠!그리고 피부병과 식이알러지를 하이퍼 알러젠사료도 그닥 잡기 힘들었는데요,저희 강아지가 채소..(브로콜리, 당근, 호박..등) 를좋아해서 네츄럴 코어에 베지테리언 사료가있길래 저번에 처음 구매 해봤습니다.용량도 6kg 너무너무 좋구요,무엇보다 사료를 만져봤을 때 기름기가 없어요!저희 강아지가 너무너무 잘 먹기도 하고전엔 아침 저녁 챙겨먹는걸 본 적이 없는데큰 그릇에 가득 채워 놓으면 오전에도 먹고 저녁에도 먹고 새벽에도 먹고 그래요.잘먹는게 너무너무 예뻐서 감동적이고이 사료 아마 정착템이 될 것 같아요!물론 육류 사료도 먹이고 싶지만아이의 특이 사항과 특별한 입맛 때문선택했지만 방황하던 저희 아이 취향에딱 맞는 사료를 발견하여 행복합니다.저번에도 리뷰 했지만 이번엔 바뀐 펫프 택배 박스가 감동적이라 사진 남겨보아요!아! 그리구 생일 할인으로 저렴하게 구매하기도 했고 택배가 큰 뽁뽁이 완충제로 안전하데도착해서 항상 시킬때 마다 기분이 좋네요!그리고 한가지! 저번 상품은 유통기한이 얼마길지 않은 상품에 사료 포대에먼지와 검정색 무언가 때가 타서 왔는데이번 포대는 깨-끗하구 제조 날짜가2021-2-23일로 되어 있어서그래서 더 좋아요 !!!!많이 파세요!!!",97.45% 확률로 긍정 리뷰입니다.
8,"피부알러지 넘 심해서 채소사료로 구이뵀어요. 채소사료라 그런지 사료냄새가 적어요. 고소한 냄새도 나는 것 같고요, 알맹이가 적당히 커서 강아지가 바작바작 씹어 먹으니 소화도 잘 될 것 같구용~ 사료 중 젤 맘에 듭니다~",95.78% 확률로 긍정 리뷰입니다.
9,생닭고기와 사료 야채를 섞여먹이는데생닭의비중이높아 사료도 베지테리언으로구매해요알갱이가 작아서 큰 리트리버인 애한테는 좀 작아 대형견보단 중소견에게 추천되지만 생고기를 화식하는 친구들에겐 좋은것같아요,98.10% 확률로 긍정 리뷰입니다.
10,사료가 떨어져서 구매하려다우연히 알게된 펫프렌즈에요.제일 저렴한데다새벽배송까지 있어서 놀랐어요.애용하겠습니다.처음 먹여보는 사료이고 전에는베네m32를 먹였는데이 사료도 정말 잘먹네요.,99.32% 확률로 긍정 리뷰입니다.
11,연어 사료 먹이다가 눈물도 걱정되서 바꿨는데응가에서도 냄새가 안나서 이 사료로 정착하려고 샀어요!샵에서 1키로 대 사료 만원 넘게주고샀는데6키로에 사만원 대라니 개이득 입니다 !,99.14% 확률로 긍정 리뷰입니다.
12,제형?겉 표면이 좀 달라졌는뎅 기분 탓인지..유난히 네추럴코어가 사료 색도 그렇고 오락가락한듯다이어트할때 이제품이 딱이라 주문햇어요유총기한 낭낭해요,85.62% 확률로 부정 리뷰입니다.
13,여기가 최저가 여서 이어플 깔았는데 오천원 쿠폰까지 써서 완전싸게 삿어요 이사료가 알러지도 안생기고 눈물도 안생겨요 ~ 근데 맛있진 않은가봐요 ㅋㅋ??,61.53% 확률로 긍정 리뷰입니다.
14,"첫째 둘째 다 가금류 알러지가 있어서, 디톡스도 할겸 가금류가 안 들어가는 다른 사료와 줬는데, 둘째 눈물 자국이 많이 연해졌어요 :)",83.61% 확률로 긍정 리뷰입니다.
15,저희 애가 음식 알ㄹㅓ지가 좀 많이 심해서 가려 먹이는게 많은데 이 사료는 너무 잘먹고 몸에도 잘 맞아서 다행이에요~,99.15% 확률로 긍정 리뷰입니다.
16,항상 먹던거예요 ㅎ 쿠폰 써서 싸게 삿어요 택배 완전 빨라요 ㅋㅋㅋ다먹으면 재구매하러 올게요~~,99.54% 확률로 긍정 리뷰입니다.
17,유통기한도 넉넉하고 좋네요먹이던 사료가 다 품절이라 구매해f는데잘먹었음 좋겠네요,99.17% 확률로 긍정 리뷰입니다.
18,요즘 다이어트 사료로 바꿀려고하는데뭘좋아할지 몰라서 이것저것 조금씩 사봤네요.,97.69% 확률로 긍정 리뷰입니다.
19,정말 사료계의 ASMR최고인듯요 ㅎㅎㅎ샘플 시킨것 중에 제일 잘먹어요 ㅎㅎㅎㅎ,99.63% 확률로 긍정 리뷰입니다.
20,테스트용으로 구입했는데 큰용량으로 추가구매하려구요.눈물도 안나고 너무 좋아요!,99.16% 확률로 긍정 리뷰입니다.
21,이 사료가 눈물도 안나고 알러지도 없고 제일 좋은거같아요 다른것도 먹여봤는데,95.71% 확률로 긍정 리뷰입니다.
22,여행갈때나 놀러갈때 챙겨다니기 좋아요!!! 크기도 적당해서 챙기기 딱입니다!,99.32% 확률로 긍정 리뷰입니다.
23,그나마 조금 먹다가 말아요 입맛이 너무 까다로워서 사료 먹이기 힘드네요 ㅜㅜ,96.81% 확률로 부정 리뷰입니다.
24,잘먹어요알러지가심해서 항상 사료고민이였는데육고기가없어서 너무 좋네요^^,99.43% 확률로 긍정 리뷰입니다.
25,빠른 배송에 타사 대비 젤 저렴하게 구매했어요!!넘넘 감사합니다??,99.05% 확률로 긍정 리뷰입니다.
26,너무 잘먹어요!!!근데 한봉지기준 일주일도 안되서 금방먹네요 ㅎㅎ;,98.06% 확률로 긍정 리뷰입니다.
27,아가가 항상 먹는 사료에요 좋아요~ 그리고 빠른 배송 매우 좋아요~,99.10% 확률로 긍정 리뷰입니다.
28,잘먹어요 알러지가심해서 먹기시작했는데 피부도 좋아지고 있어요^^,98.50% 확률로 긍정 리뷰입니다.
29,생각보다 밥 너무 잘먹구 소분포장되어있어서 너무 좋았어요!,98.88% 확률로 긍정 리뷰입니다.
30,내추럴코어 간식을 넘 잘먹어서 사료도 샘플로 다 사봤네요.,98.70% 확률로 긍정 리뷰입니다.
31,오리젠이랑 섞여 먹이고있는 사료에요 ㅎㅎ오독오독 잘먹어요,95.50% 확률로 긍정 리뷰입니다.
32,타사 대비 저렴하게 늘 구매하고 있어요감사드려요. ^^,98.84% 확률로 긍정 리뷰입니다.
33,진돗개헤라가 잘 먹고 튼튼해요~^^*피부가 깨끗해요.,98.33% 확률로 긍정 리뷰입니다.
34,고기맛(?)이 안나서 그런지 생각보다 잘 안먹네요ㅜㅜ,99.23% 확률로 부정 리뷰입니다.
35,한 두 봉지는 잘 먹었었는데 이제 잘 안먹어요 ㅠㅠ,62.59% 확률로 부정 리뷰입니다.
36,아직도 잘 맥이는중입니다 히히 네추럴코어 베지테리언!,96.91% 확률로 긍정 리뷰입니다.
37,유통기간넉넉애기 피부가 좀 좋아져 이것만 먹여요.,95.16% 확률로 긍정 리뷰입니다.
38,새벽 빠르고 좋습니다 쿠폰도 있어서 다더욱 좋습니다,98.34% 확률로 긍정 리뷰입니다.
39,사료바꿔주려고 샘플사봤어요 잘먹어주면좋겠네용ㅎㅎ,99.20% 확률로 긍정 리뷰입니다.
40,엄청난 대용량 ㅋㅋㄱㅋ 살찐것같아서 시켜봤어요 ㅎ,98.46% 확률로 긍정 리뷰입니다.
41,애기때먹여봤던사료인데 채식사료고민하다 샘플시켰어요,98.69% 확률로 긍정 리뷰입니다.
42,지금 먹고있는 사료가 안맞는거 같아서 구매했어요,92.78% 확률로 긍정 리뷰입니다.
43,아이가 잘먹어요.응가냄새도덜나고재주문할께요,99.22% 확률로 긍정 리뷰입니다.
44,야채먹는애인데 ㅎㅎ왜인지 채식사료만 안먹네요,58.89% 확률로 부정 리뷰입니다.
45,펫프가 제일 저렴하고 배송 빨라서 좋아요!,98.18% 확률로 긍정 리뷰입니다.
46,이아이 무지 잘먹어서요~아주 잘 먹어다,97.24% 확률로 긍정 리뷰입니다.
47,가끔 먹여도 괜찮겟어요 멋잇게 먹더라고요,96.57% 확률로 긍정 리뷰입니다.
48,개별포장이라 너무 좋고 애기들이 잘먹어요,98.94% 확률로 긍정 리뷰입니다.
49,잘먹는데 먹고나면 주둥이에서 한약냄새가남,80.42% 확률로 부정 리뷰입니다.
50,반만 줘 봤눈데 강쥐가 잘먹어용 ㅎ ㅎ,99.01% 확률로 긍정 리뷰입니다.
51,아요 습니다 굿 맘에 들어요 화이링,90.53% 확률로 긍정 리뷰입니다.
52,배송이 매우 습니다 이점이 상당합니다,76.45% 확률로 긍정 리뷰입니다.
53,사료테스트를 위해 구매했는데 안먹어요ㅠ,90.65% 확률로 부정 리뷰입니다.
54,우리 강아지가 이 사료만 골라먹어요><,91.27% 확률로 긍정 리뷰입니다.
55,이런 샘플사료 너무나 큰 도움이돼요~,98.05% 확률로 긍정 리뷰입니다.
56,냄새는 괜찮아요. - 맛있는냄새에여,81.58% 확률로 긍정 리뷰입니다.
57,정말 맘에 드는 사료입니다.. 이걸 먹이면 응가 냄새가 정말 하나도 안나요. 다를 야채 비건 사료 먹여봐도 이게 최고로 배변이 깔끔해요..다이어트 효과는 모르겠어요..ㅜㅜ,96.48% 확률로 긍정 리뷰입니다.
58,최근 2년간 이 사료를 많이 샀습니다. 특별히 알러지반응도 없고 다이어트도 필요해서 샀는데 잘 먹었어요 !!그런데 요즘 다른 사료랑 섞어줬는데 이걸 잘 안먹어요 ㅠ 다른것들도 먹여보고 다시 재구매할거에요~!가격이나 여러면에서 제일 좋았거든요!,97.42% 확률로 긍정 리뷰입니다.
59,대부분 사료들이 다 고기 위주라 야채로 이루어진 것들도 먹여보고 싶어서 산건데 저희 강아지랑은 안 맞았는지 며칠째 계속 토하더라구요ㅠㅠ,98.96% 확률로 부정 리뷰입니다.
60,몇년째 먹이고 있는데 살도 이걸로 뺐어요! 처음에는 잠깐 맛없어하더니 이제는 너무 잘먹어??ㄷ,98.24% 확률로 긍정 리뷰입니다.
61,다이어트하려고 샀어요! 다른 사료는 기름기가 많은데 이 사료는 기름기가 없어 좋아요!,99.31% 확률로 긍정 리뷰입니다.
62,우리 댕댕이 고기 알러지 있는데 야채사료 먹은후로는 알러지 없고 응가도 잘해요,98.22% 확률로 긍정 리뷰입니다.
63,개별포장이라 맛과 향 변질이 없고 좋아요 대형견이라 많이 먹어요 응가도 잘싸요,99.36% 확률로 긍정 리뷰입니다.
64,울 애들은 고기 사료보다 이 사료를 더 좋아하네요~,98.43% 확률로 긍정 리뷰입니다.
65,다들 맥여보세요 정말 갠찮은 사료,92.91% 확률로 긍정 리뷰입니다.
66,잘먹어서 다시구매 했어요,97.42% 확률로 긍정 리뷰입니다.
67,절대로 주식으로 급여하려 구매하지 않았고 다이어트 중이라 저녁에는 여유가 있지만 오전에 여유가 없어서 반반 섞어주려고 구매했어요. 이 자식이 이상하게도 사료가 단일종류면 밥을 잘 안 먹기도^^ 해서 샀는데 주사료도 네추럴코어라서 같은 브랜드면 조금 더 낫지 않을까싶어서 샀어요. 잘 안 먹긴하는데 그래도 배고프면 깨작깨작 거리면서 먹긴 먹어요. 저녁에 화식을 만들어줘서 편식이 더 심한걸까요?? 그래도 먹긴 먹으니ㅎㅎ 반은 성공입니다 :),82.62% 확률로 긍정 리뷰입니다.
68,잘먹어요!알러지가 있는 아이라 늘 걱정인데 이 사료 먹이고 나서부터는 알러지 증상이 거의 없구요 기호성도 좋아 다른 아이들도 잘 먹습니다!다만 다이어트를 목적으로 급여하시는 분들이라면 효과는 없어서 다른 사료을 찾으시는게 좋을것같아요 저희 애는 다이어트도 해야하고 알러지도 있는데 알러지만 좀 잡혔지 다이어트는 그닥...좀 유지만 되는정도에요 왜인지 모르겠지만...식탐이 있는 아이라 그런지..,64.02% 확률로 긍정 리뷰입니다.
69,한 녀석은 육류 다른 녀석은 생선 알러지가 있어서 타사 야채사료 먹다가 갈아탔는데 둘다 난리가 났어요. 귀긁고 한녀석은 급성 알러지 증상으로 피부에 붉은 반점 생기고...먹이던거 계속 구매할걸... 세봉 먹이고 남은거 어찌해야 하나요? 야채사료인데 어떤 성분때문억 그랬는지 궁금하고 속상하네요. 다른 댕댕이들은 잘먹는다는데 왜 우리 집 개들에게는 안맞는 걸까요?,97.89% 확률로 부정 리뷰입니다.
70,"배변 냄새는 줄었는데 귀를 자주 긁고 생식기도 자주 C타요! 의사는 생리시기 라고 해서 그럴수고잇고, 귀는 외이도 가 살짝 빨갛지만 약먹을 정도는 아니래요!잘 안먹는대 요즘 사료 거부해서, 인간음식 너무 자주 먹어서 그럴수도잇는데 손에 주어주면 다 먹긴해요용량이 많아서 다 먹을라면 쫌 걸릴것 같은데 가성비는 좋은것같아요! :)",79.05% 확률로 부정 리뷰입니다.
71,닭알러지가 생긴뒤로 이것저것 사료 바꿔보다 안착한 이 베지터블 사료~~~다행히 너무 잘먹는다.그래도 가끔은 소나 양고기 간식으로아니면 다른 사료와 섞어서 고기도 먹이고 있어요~~10살이라 잘먹고 아프지만 않으면 행복♡건강하게 오래오래 같이 살자~^^,98.62% 확률로 긍정 리뷰입니다.
72,아이들이 엄청 잘 먹어여!알이 좀 클 줄 알았는데 생각보다 작아요. 그래도 잘 씹어먹어서 재구매의사 있습니다!그리고 알러지반응이나 그런게 없어서 더 좋은 것 같아요 :) 배변도 설사한번 안하고 딱딱하지도 않게해서 또 먹여듀 걱정안될것같아요!,99.12% 확률로 긍정 리뷰입니다.
73,두번째 먹이는데 잘 먹어요!따로 채소를 주는 좋은 주인이 아니라... 이렇게나마 건강을 챙겨주고싶어서 줬는데 진짜 잘먹어요!알도 크지않아 모든 강아지들 다 먹일 수 있어요. 베지테리언이라고 다이어트 되진않더라구요......여전히 튼튼합니다!,99.68% 확률로 긍정 리뷰입니다.
74,계속 먹어 온 사료입니다베지테리언이라 되어있어서 혹시라도 기호성이 안좋을까 걱정했는데 세마리다 질리지않고 잘 먹어 줬어요! 요즘 쪼꼬미 포메가 먹는 속도가 느려져서 좀 바꿔볼까 하는 중이지만 그래도 이걸 더 많이 주긴해요! 꾸준히 잘 먹어요 :),98.06% 확률로 긍정 리뷰입니다.
75,두개 구매했어요원래 수입 비건사료 먹이다가연어사료 먹였더니떵내가 쉰내가 나고 귀 염증이 심해져서다시 비건으로 돌아옵니다이거 먹여보고 좋으면 계속 이 라인 하겠지만이것도 아니면 비싸도 수입 비건으로 다시 돌아가려해요ㅠ제발 잘 맞길,77.49% 확률로 긍정 리뷰입니다.
76,알러지는 확실히 안생기는 것 같은데 포만감이 안드는지 더 먹으려고 하고 식탐이 더 강해진 것 같아요. 냄새는 사료 냄새에 살짝 카레냄새 같은 것도나요. ㅎ 기호성은 좋은 것 같아요. (워낙 잘 먹는애라 사실 잘 모르겠어요 ㅎ),98.78% 확률로 긍정 리뷰입니다.
77,6kg이라 그런지 양이 푸짐해서 좋아요. 주면 잘 먹어요! 진공 포장되어있더라도 자리를 꽤 차지해요 냉장고 서랍(깊이랑 넓이가 꽤 되는 중간 서랍입니다) 한 칸을 꽉 채울 만큼 오니까 냉장 보관 하실 분들은 참고 하셨으면ㅠㅜ,90.13% 확률로 긍정 리뷰입니다.
78,겨울이라 털쪘다고 생각했는데...병원에서 비만이라고 들어서 충격을 먹고 사료를 찾다찾다 야채만으로 만든사료들은 하나씩 다 먹여보려고 샀어요.일단은 2일째먹이는데 역시나 먹을꺼면 약도잘먹는 아이답게 오독오독 잘도 먹네요♡,98.80% 확률로 긍정 리뷰입니다.
79,올해 가장 많이 먹은 사료에요!이것만 먹였더니 약간 똥을 잘 못싸는 것 같아서 웰츠랑 조금 섞어주고있어요.그래도 똥 상태도 괜찮고 체중 조절을 해야하는 상태인데 슬림다운은 잘 안맞아서 이걸로 주고있어요~,85.98% 확률로 긍정 리뷰입니다.
80,항상 먹이던 사료인데 여기서 구매하는게 훨씬 저렴했고요 이 사료는 소분씩 나눠서 포장되있는거라서 눅눅해지는거나 사료냄새 걱정 없이 먹일 수 있어서 정말 좋아요! 물론 강아지들도 너무 잘 먹습니다!,99.61% 확률로 긍정 리뷰입니다.
81,사료를 바꿔주려고 설명 잘 읽어보고 구매했는데 기호성은 좋은거 같지만 애기 입맛에 맞지 않은가봐요ㅠㅠ 평생 사료 안가리고 잘 먹는 모습만 봤는데 이건 먹지 않아서 이걸로 바꾸진 못하겠네요??,97.84% 확률로 부정 리뷰입니다.
82,어릴때부터 먹이던 사료에요. 계속 먹으니 질렸는지 기호성이 좀 떨어지긴 했지만.. 이걸 먹이면 체취도 사라지고 변냄새도 사라지고 입냄새도 없고 변도 단단하고 몸 긁는것도 덜하고 너무 좋아요.,99.58% 확률로 긍정 리뷰입니다.
83,개별포장이 되어 있어서 너무 좋았어요!개별 포장이라 위생적으로 너무 좋은 것 같아요다만 저희집 아이들이 중대형견이라 그런지입자가 작아서 간혹 씹지않고 삼켜서 아쉬웠어요!!,94.07% 확률로 긍정 리뷰입니다.
84,요즘 사료를 잘 안 먹어서 기호성 확인할 겸 구매했는데 다행히 잘 먹네요. 요즘 사료 투정도 있고 먹다가 남기기도 하고 그래서 이래저래 걱정이 많아서 시켰는데 잘 먹어서 다행이애오,98.52% 확률로 긍정 리뷰입니다.
85,이거맥이고 변이좋아윱!!이거눈 기름기가 없어서 먹일때 마음이놓이네요 ㅠㅠ이거를 베이스사료로 주고 오메가3랑 다른 습식사료 조금섞어주는데 바작바작거리면서 너무잘먹어요!!!,99.55% 확률로 긍정 리뷰입니다.
86,항상 먹이는 사료에요. 예전에는 고기 들어있는 사료를 먹였는데 이걸로 바꾸고 나서는 쭉 이것만 먹여요. 일단 우리집 첫째는 눈물자욱이 많이 나아졌거든요 ㅎㅎㅎ,98.39% 확률로 긍정 리뷰입니다.
87,말티즈 두마리키우는데 간식을 많이 안주는데 살이 안빠져 걱정했었는데 사료를바꾸고나서부터는 애들이 잘먹고 살도 빠진것같아 좋아요 가격도 저렴하고 만족합니다,99.25% 확률로 긍정 리뷰입니다.
88,처음에는 잘 먹다가 또 잘 안 먹다가..베지테리언 사료라 그런가했지만 다시 또 잘 먹네요똥도 좋고! 살 빠지는 건 잘 모르겠지만 똥은 잘 나와요!,97.29% 확률로 긍정 리뷰입니다.
89,피부가 민감한 아이가 있어 내츄럴코어 연어 센서티브 제품이랑 섞여 먹일려고 구매했어요. 5둥이가 안 먹으면 어쩌나 걱정했는데 쓸데없는 걱정이었어요.,90.66% 확률로 긍정 리뷰입니다.
90,"꾸준히 막이다가 오리사료 잘 못 먹이고 눈물 터져서 다시 네추럴 코어로 돌아 왔습니다..,좋아지고 있구요!!! 봉자도 너무 잘먹어서 좋습니더!!",99.17% 확률로 긍정 리뷰입니다.
91,4마리중 한마리아이는 눈물이터졌어요 다이어트겸 시켰는데 알러지가있는데 가지럽고하는거는없지만 귀가살쩍빨가네요 똥냄새는안나고 확실이변색이좋아요,75.49% 확률로 긍정 리뷰입니다.
92,연어사료 먹이다 이번에 바꿔봤는데 아직 입에 안맞는지 잘 안먹네요~ 며칠 적응하면 잘먹을것 같아요~건강한 사료 향이 아직 어색한듯요~~^^,76.55% 확률로 긍정 리뷰입니다.
93,새벽 배송으로 왔어요 5시전에 도착해요 당장 내일 먹을게 필요 할 때 애용하면 될 것 같아요 쿠폰 덕에 최저가로 좋은 사료 구매했어요 좋습니다,98.62% 확률로 긍정 리뷰입니다.
94,세마리 모두 잘 먹고 꼭꼭 씹어서 먹어요매번 사료를 다르게 시켜서 먹는데 ANF도 잘 먹긴했는데 질리는지 이 제품먹을때랑은 좀 달라요 ㅎㅎ,95.96% 확률로 긍정 리뷰입니다.
95,강아지가 잘 안 먹어서 같이 산 면역가루를 뿌려줘야 해요ㅜㅜ 저희 강아지 입맛엔 비건이라 맛 없나봐요. 하지만 살을 빼야 하니 또 사려구요ㅋ,93.09% 확률로 부정 리뷰입니다.
96,먹던 사료에 섞어줬는데 첨엔 안먹다가 요즘엔 잘 먹어요야채라 그런지 방구도 잘 안뀌고 응아도 건강해서 좋네요이번엔 통으로 구입했어요,99.23% 확률로 긍정 리뷰입니다.
97,한아이가 알러지가 있어서 이건 괜찮을까 싶어서 먹이고 있네요 아직 효과는 모르겠어요 ㅠ ㅠ 먹고 긁지않았으면 좋겠네요 일단 먹여봅니다,88.28% 확률로 부정 리뷰입니다.
98,몸에는 더 좋을텐데 ㅠㅠ 입맛 까탈스러운 우리 뚱땡몽은 아예 안먹네요 ㅠㅠ 에효.... 억지로 먹이는 건 아닌것 같아 포기합니다 ㅠㅠ,97.58% 확률로 부정 리뷰입니다.
99,완전 잘목고 사료가 맘에들어요 기름기도ㄱㅓ의안느껴지고 냄새마저꼬솝고 크기도 넘작않고 때깔이 노릇해서 만족해요 바로달려오는사중 하나!,97.39% 확률로 긍정 리뷰입니다.
100,늘 오리만 먹이다가 요기와서 이런게 있는줄알았어요.썩어먹이니 잘 먹네요.보기만해도 건강해지는 사료.믿고 먹일께요.뉴트리코어♡,94.61% 확률로 긍정 리뷰입니다.
101,새벽에 배송해 주신 분께 진심으로 감사드립니다 ~ 펫프렌즈에서 좋은 사료를 구매했습니다 ~ 펫프렌즈가 크게 번창하길 바랍니다 ^^,99.15% 확률로 긍정 리뷰입니다.
102,아이가 설사를 자주해서 처방사료 먹다가 식이섬유 많고 야채가 많다길래 한번 먹여봐요 이틀째인데 아직 설사는 없지만 더 지켜보려구요,88.40% 확률로 긍정 리뷰입니다.
103,나이가 이제는 노령견에 접어들어 선택하여 봤는데기호성이 좋지 않았어요 ㅠㅠ 그래도 덕분에 살은 빠진 장점이 있었네요 ㅎㅎ,78.25% 확률로 긍정 리뷰입니다.
104,평소 잘 먹는 네코 사료입니당 ㅎㅎ연어 알러지가 있어 연어 들어있는것만 빼고 매번 떨어질때마다 맛별로 사서 먹어요 ㅎㅎ,99.52% 확률로 긍정 리뷰입니다.
105,"피부알러지가 심한데, 밀웜(?) insect 사료가 비싸서 차선책으로 선택해봤는데 3번째 먹어요. 확실히 덜 긁어요",97.86% 확률로 긍정 리뷰입니다.
106,3번째 구매입니다유기견 3마리 키우고 있는데 눈물이 심해유기농 사료 접하게 됐습니다눈물이 쏙 들아갔습니다 ^^,83.36% 확률로 긍정 리뷰입니다.
107,진짜 잘먹네요 야채로만 되어있는 사료라서 안먹을수도 있다고 생각했었는데 잘먹어서 6kg 재입고 되면 살 것 같아요,99.20% 확률로 긍정 리뷰입니다.
108,만족 합니다~ 배송 대박 좋아요~ 고양이강아지들 전용 쿠팡같아서 너무 만족스럽고 자주 이용할거 같습니다~~!!,98.76% 확률로 긍정 리뷰입니다.
109,내추럴코어 다른 제품들에 비해 기호성이 조금 떨어지는거같아요 ㅠㅠ 한번 테스트하고 구매해보시길 추천드려요~!,59.80% 확률로 긍정 리뷰입니다.
110,가격대비 너무 좋아서 두번맥여봤는데 일시품절이네요ㅠㅠㅠ 너무슬픕니다 .애기피부도좋아지고요 ㅎㅎ재입고얼른해주세요,98.43% 확률로 긍정 리뷰입니다.
111,샘플 구매로 먹였는데 아가가 너무 좋아해서 본품 샀어요! 베지테리언이라 그런지 눈물자국도 개선되는 것 같아요,90.73% 확률로 긍정 리뷰입니다.
112,베지테리언 사료래서 안먹으면 어쩌나 걱정했는데오독오독 잘 먹어요 사료 바꾸고 똥도 말랑해진거같아서 좋아요!,98.28% 확률로 긍정 리뷰입니다.
113,잘먹고 소화도 잘되고 요것 먹을때는살도 덜찌는것같아 체중조절도 되는것같아요털도 윤기나고 영양도 좋은듯요~,99.00% 확률로 긍정 리뷰입니다.
114,잘받았어요!배송이 주말이 껴서 그런지 좀 걸리기는했지만 그래도 좋은 가격으로 우리 강아지 밥 샀어요!!,97.63% 확률로 긍정 리뷰입니다.
115,단백질 알레르기가 있어서 채식 사료만 먹이는대 다른거보다 가격적인 부담이없고 개별포장으로 깔끔해요,98.93% 확률로 긍정 리뷰입니다.
116,6키로가 이렇게 큰줄 몰랐어요 ㅜㅜ소포장되서 좋긴하네요. 좀먹이다가 다른거랑 번갈아서 줘야겠어요.,88.75% 확률로 부정 리뷰입니다.
117,우리멍 피부가 좋지않아 현재 사료 먹이고 있는데 너무 만족합니다. 잘먹고 피부도 좋고 … 감사합니다,98.40% 확률로 긍정 리뷰입니다.
118,아주 잘 먹어요응아 냄새도 안나고 체중도 줄었어요두번째구매인데앞으로 이것만 먹이게 될것같아요,98.71% 확률로 긍정 리뷰입니다.
119,알러지있는 아이라서 급여하고 있는데 잘먹고 알러지도 많이 좋아져서 좋습니다..다른데보다 저렴하고요~,99.39% 확률로 긍정 리뷰입니다.
120,늘 먹이는거지만 이거 먹이고 나서 토하는게 없어졌어요!기름진 사료 많이 먹이면 토했거든요ㅠㅠㅠㅠ,90.40% 확률로 긍정 리뷰입니다.
121,재구매입니다용량이 지난번것 좀 크네요작은사이즈인것이 보관이 더좋아요그리도 잘먹고 있어요,98.33% 확률로 긍정 리뷰입니다.
122,베지인걸 알긴아는지 원래처럼 밥을 막 반기면서 먹지는않네요 ㅋㅋ ㅠㅠ 살빠지는것도 잘모르겠어요 ㅠ,99.02% 확률로 부정 리뷰입니다.
123,아이가 좋아하네요미리 떨어지기전에 주문합니다항상 네츄럴코어 소포장에 아이가 잘먹어서 만족합니다,99.43% 확률로 긍정 리뷰입니다.
124,변냄새도 안나고 잘먹어서 계속먹일생각입니다 ㅎㅎ고기나 생산이 아니여서 걱정했는데 너무 잘먹어요,99.19% 확률로 긍정 리뷰입니다.
125,애들이 환장해요... 세상에 놀랬어요 근데 똥냄새가 더 놀라워요... 똥냄새 장난아니에요 ㅠ,73.46% 확률로 부정 리뷰입니다.
126,다이어트 시키려고 먹이고있는데 한달정도 되니까 살짝 효과가 보여요 ㅎㅎㅎㅎ 잘먹고 딱똥싸요 굿,99.50% 확률로 긍정 리뷰입니다.
127,작은용량이 없어서 큰거샀지만 저희애기가 젤잘먹어요 이사료를ㅠㅠㅠㅠ오독오독 먹는소리도 ㅅ귀여운,98.98% 확률로 긍정 리뷰입니다.
128,냄새는 고소한 과자 냄새가 나고저희집 강아지가 잘먹어 다행이에요(원래 입맛 까다롭지않음),80.00% 확률로 긍정 리뷰입니다.
129,"빠른배송,감사드립니다전에 먹던거랑 섞어서 먹이는중으로1일차라서 며칠간 지켜봐야할꺼같네요",97.58% 확률로 긍정 리뷰입니다.
130,저희 아이는 간식을 자주 먹는 편이라 사료를 야채 위주로 시켜서 맥여요 아주 잘 먹습니다!,98.77% 확률로 긍정 리뷰입니다.
131,애가 잘먹긴하는데 저희애는 먹고 눈물자국이 좀 생기네요. 살은 조금빠져서 딱좋게됐어요.,73.61% 확률로 긍정 리뷰입니다.
132,입이 짧고 까다로워서 큰 사료는 주문못하는데낱개오 작은양 제품으로 나와서 너무 좋아요,92.99% 확률로 긍정 리뷰입니다.
133,배송도빠르구 애기들피부때문에 이번에베지테리언으로바꿨는데 먹고트러블도없네요 잘먹기도하구요,98.12% 확률로 긍정 리뷰입니다.
134,다이어트가필요해서 먹이고있는데.. 감량엔 효과를 모르겠지만 ㅠ 그래도 유지는 되네요 흑흑,63.34% 확률로 긍정 리뷰입니다.
135,새롭게 바꿔봤는데 아직은 뭐라 말 할 수 없어요 첨이라 더 먹여보고 자세한 후기 남길께요,88.21% 확률로 긍정 리뷰입니다.
136,이거먹으면 눈물도 안나고 강아지가 잘먹어서 큰거로 샀어요!이제 이사료만 먹일거 같아요,99.17% 확률로 긍정 리뷰입니다.
137,오개월만에 먹습니다.. 개별 포장 돼있어서 관리하기 편해요 ㅎㅎ 맛있게 먹는 거 같애여,98.97% 확률로 긍정 리뷰입니다.
138,네츄럴코어로 종류별로 번갈아 가면서 배식하고 있어요 아이도 잘먹고 낱개포장되서 좋아요,99.27% 확률로 긍정 리뷰입니다.
139,저희집 3아이들 모두 잘 먹고 기호성이 좋아서 아예 바꿨습니다 잘먹어서 너무 좋아요,99.32% 확률로 긍정 리뷰입니다.
140,세마리 다 너무잘먹어서 각자 다른사료안먹고 다 같이 먹고 잘먹어서 너무 좋아요 ㅎㅎ,99.35% 확률로 긍정 리뷰입니다.
141,아이 변냄새도 줄어들고 전보다 더 가벼워진 느낌(?)이라서 재구매 의향있습니당~^^,98.79% 확률로 긍정 리뷰입니다.
142,닭 알러지가 생기면서 바꾼 사료!봉지가 나눠져있어 보관에 용이하고기호성도 좋아요,98.94% 확률로 긍정 리뷰입니다.
143,저희 아이가 항상 잘먹는 사료에요 개별포장이여서 너무좋고 사료 냄새도 많이 안나요,92.64% 확률로 긍정 리뷰입니다.
144,늘 먹이는 사료에요 근데 살이 안찌는건 잘 모르겠어요 알러지 때문에 그냥 먹여요,73.77% 확률로 부정 리뷰입니다.
145,저희강아지는 첨엔 잘먹었는데 요즘읔 잘 안먹더라구요..다시 바꿔야할거같아요,93.78% 확률로 부정 리뷰입니다.
146,둘째가 자꾸 가려워하길래 고기가 안들어간걸로 시켜봤어요 효과가 있으면 좋겠어요,96.28% 확률로 긍정 리뷰입니다.
147,배송이 정말 빠르네요애들 살쪄서 첨으로 베지 시켜봤어요다행히더 잘 먹네요,98.99% 확률로 긍정 리뷰입니다.
148,워낙 안가리고 잘먹어요눈물땜에 시켜봤는데...맛있게 잘 먹었으면좋겠어요,99.00% 확률로 긍정 리뷰입니다.
149,이번에 병원갔는데 알러지가 있는거 같다고 해서 일단 샘플먼저 구매했습니다,81.51% 확률로 긍정 리뷰입니다.
150,꼬기 알러지 때운에 다른건 안먹고 이것만먹어요 말러지도 안일어나고 잘먹어요,96.08% 확률로 긍정 리뷰입니다.
151,단백질 알러지가 있어서 요거로 바꿨어요~바꾸자마자 오독오독 잘 먹어요~,98.93% 확률로 긍정 리뷰입니다.
152,정말 잘먹어요이전에는 연어를 많이먹었는데요건 색상도 냄새도 맘에들어요,98.90% 확률로 긍정 리뷰입니다.
153,기호성 좋지도 않고 별로에요알러지 때문에 샀는데 이거 먹여도 설사함..,96.52% 확률로 부정 리뷰입니다.
154,보호소에 사료가 부족하다고 해서 보냈어요! 아이들이 잘 먹는다고 합니다!,97.59% 확률로 긍정 리뷰입니다.
155,샘플양이 생각보다 많아서 넘 좋숩니닷 ? 다양한 사료 맛보려고 샀어요!,99.53% 확률로 긍정 리뷰입니다.
156,늘 먹는 네츄럴코어 에코10! 펫프에 용량이 다양하게 있으면 좋겠어요~~,97.17% 확률로 긍정 리뷰입니다.
157,야채라서 그런지 배고플때만 먹으려해서 다른 사료랑 같이 섞어쥬니 잘먹어요,96.86% 확률로 긍정 리뷰입니다.
158,응가냄새도 안나고 우선은 잘먹어서 너무좋아요 ㅎㅎ항상 잘먹고있습니다!,99.43% 확률로 긍정 리뷰입니다.
159,다행히 강아지가 잘먹네요 앞으로 건강 생각해서 사료는 이걸로 하려구용,99.34% 확률로 긍정 리뷰입니다.
160,베지테리언 사료 과연 잘먹을까싶었는데 기존 사료랑 섞어주니 잘먹네요 ㅎ,98.58% 확률로 긍정 리뷰입니다.
161,저희 애들한테는 기호성이 많이 떨어지는 것 같아요ㅠ 애들이 잘 안먹어요,98.56% 확률로 부정 리뷰입니다.
162,항상 먹는 사료~다이어트.피부에 좋다고 해서 늘 이사료만 먹여요,98.15% 확률로 긍정 리뷰입니다.
163,다이어트하는 우리 귀요미들 때문에 구매했는데 저렴한가격으로 구매했네요,94.39% 확률로 긍정 리뷰입니다.
164,고기 알러지가 있는 우리 애기에게 먹이는 사료!! 항상 잘 먹습니다~,97.08% 확률로 긍정 리뷰입니다.
165,요놈 편식없더니 엄청해요 그래도 이건 잘먹어줘서 계속 먹이는중이예요,99.01% 확률로 긍정 리뷰입니다.
166,늘 급여하는 사료입니다. 잘 먹어요. 피부트러블도 많이 좋아졌고요.,99.06% 확률로 긍정 리뷰입니다.
167,아이가 잘먹어요 맛있나봐요 아직 설사를 심하기 하거나 하진 않어오,92.39% 확률로 긍정 리뷰입니다.
168,채소 위주라 그런지 애들이 잘ㅇ석지 않네요 그래도 ㅇ석여 볼랍니다,96.05% 확률로 부정 리뷰입니다.
169,신장수치가 한번씩 뛰어서 저녁을 베지테리언 사료로 주는데 좋아요!,98.54% 확률로 긍정 리뷰입니다.
170,대박~~ 너무 잘먹어요~ 스스로 밥그릇 찾아가서 먹는데 기뜩하네요,96.76% 확률로 긍정 리뷰입니다.
171,빠른배송에 포장까지 완벽합니다 ㅎㅎ잘 먹었으면 좋겠네요 ㅠㅠㅎ,98.42% 확률로 긍정 리뷰입니다.
172,잘 먹였어요 근데 기호성이 크게좋진않아서 다시 사료바꿨어요~^^,91.40% 확률로 긍정 리뷰입니다.
173,여행가거나 본집 갈 때 하나씩 들고 갑니당 강아지가 잘 먹어요!,98.93% 확률로 긍정 리뷰입니다.
174,자주구매하는 제품이에요ㅎㅎ건강을 지킬수있어보여서 자주구매합니다,98.92% 확률로 긍정 리뷰입니다.
175,아직 안먹여봤는데 다이어트 해야해서 구매했어요 잘먹을거같아요ㅎㅎ,99.07% 확률로 긍정 리뷰입니다.
176,언제나 잘먹어서 너무좋아요 ~~~~진짜호불호 하나도 없어요~~,98.41% 확률로 긍정 리뷰입니다.
177,할머니네 댕댕이들 시켜줬어요 귀 안 염증으로 베지 먹여보려구요,97.14% 확률로 긍정 리뷰입니다.
178,항상 먹는 맘마다이어트.피부.둘다 관리해주는 사료에요~~,98.08% 확률로 긍정 리뷰입니다.
179,알러지 곰팡이 세균 다 있어서 먹는걸 잘 관리해야하는데 좋아요,90.14% 확률로 긍정 리뷰입니다.
180,안먹어서 기부하려구요! 원래 입이 짧고 까다로워서 그런거같아요,95.88% 확률로 부정 리뷰입니다.
181,가금류 알러지때문에 이 사료 유용하게 잘 먹이고 있어요 :),98.79% 확률로 긍정 리뷰입니다.
182,애들이 엄청 잘 먹구여 ㅎ 저기에다가 닭가슴살 섞어서 줘요!,99.04% 확률로 긍정 리뷰입니다.
183,다이어트 시키느라 먹이는데 다른 비건 사료에 비해 잘 먹어용,99.23% 확률로 긍정 리뷰입니다.
184,비만견에게 딱 좋은듯해요 포만감있게 많이 먹일수있어서 좋아요,99.19% 확률로 긍정 리뷰입니다.
185,이사료 아주 맛나게 잘먹어요큰걸루 주문해야겠어요~~,98.74% 확률로 긍정 리뷰입니다.
186,저희 애기는 이것만 먹어용!!이거먹고 설사도 안해요 ㅎㅎ,84.64% 확률로 긍정 리뷰입니다.
187,애들이잘먹어여이것만먹여서 3마리라한달에한포대기씩 좋아용,99.48% 확률로 긍정 리뷰입니다.
188,여러가지 샘플주문했는데 이것도 잘먹네요고민되네요ㅠ.ㅠ,94.22% 확률로 긍정 리뷰입니다.
189,우리아이가입이까다놈대이거아주잘먹어요다음에이걸로구매할에 정,97.85% 확률로 긍정 리뷰입니다.
190,채소만 든거라 안먹을줄알았는데 저희 강아지는 잘먹네요 ㅎㅎ,97.66% 확률로 긍정 리뷰입니다.
191,이사료는 좀 덜 긁길 바라네요ㅠㅠ기호성은 괜찮아요~~~~,84.11% 확률로 긍정 리뷰입니다.
192,사료바꿔보려고 이번엔 한번 쌤플시켜봐여입이 까다로워서 ㅠㅠ,72.95% 확률로 긍정 리뷰입니다.
193,건강하길 바라는 맘으로 베지로 바꿔서 꾸준히 먹이고있어요~,98.62% 확률로 긍정 리뷰입니다.
194,비만견이라 시키는데 너무 잘먹어요 가격도 싸고 좋아요 강추,98.79% 확률로 긍정 리뷰입니다.
195,장이랑 피부가 약해서 먹여봤는데 밥도 잘먹고 탈도 없어요,90.90% 확률로 부정 리뷰입니다.
196,두번째구매에여. 낱개 포장되있어서 넘 좋구요 너무 잘먹어요,99.24% 확률로 긍정 리뷰입니다.
197,우리 애기가 잘 먹는 사료라 항상 떨어지기 전에 시켜요!,98.66% 확률로 긍정 리뷰입니다.
198,잘 먹고 배변도 잘 봐서 가성비 좋은 사료인 것 같아요~,98.38% 확률로 긍정 리뷰입니다.
199,네츄럴코어 사료로 바꿨는데 너무 잘먹고 좋은거같아요 ㅎㅎ,99.45% 확률로 긍정 리뷰입니다.
200,저희 애는 잘안먹네요 ㅠㅠㅠㅠ 냄새 맡고는 뱉어요 ㅠㅠ,99.18% 확률로 부정 리뷰입니다.
201,기호성 테스트 하려고 샀어요 이것도역시 잘안먹네유 ..,76.79% 확률로 긍정 리뷰입니다.
202,야채 잘 안먹는 아이들이 이건 잘먹더라구요!감사합니다.,93.49% 확률로 긍정 리뷰입니다.
203,넘 고기 종류만 먹이는것 같아 섞에 먹일려고 구매했네요,87.30% 확률로 긍정 리뷰입니다.
204,원래 먹던 사료와 믹스해줬더니은근 잘먹는 우리두찌??,95.98% 확률로 긍정 리뷰입니다.
205,알러지때문에 야채사료시켰는데다른 야채사료보다 잘먹어요,85.35% 확률로 긍정 리뷰입니다.
206,상품 잘 받았습니다. 배손도빠르고 저렴하고 나무 좋네요,98.19% 확률로 긍정 리뷰입니다.
207,잘먹어요~ 고기포함된 사료보다 응가를 덜 싸는거 같아요,98.31% 확률로 긍정 리뷰입니다.
208,곡물이라 안먹으면 어쩌나 걱정햇는데 아주 잘먹어요 !,98.79% 확률로 긍정 리뷰입니다.
209,알레르기있는우리애한테잘먹이고 있습니다 가격도저렴하고요,98.36% 확률로 긍정 리뷰입니다.
210,체중감량이 중요헌 강아지는 이 사료는 적합한거 같아요,96.26% 확률로 긍정 리뷰입니다.
211,계속 먹이고 있어요!알러지 잡는데에 너무 좋아요!,99.23% 확률로 긍정 리뷰입니다.
212,다이어트 필요해서 이 사료 선택했는데 잘 먹네요~^^,97.86% 확률로 긍정 리뷰입니다.
213,처음 먹여봐여항상 먹이던 것보다는 조금 더 크네요~,71.68% 확률로 긍정 리뷰입니다.
214,다이어트 필요가 있어서 사료 바f는데 괜찮은거 같아요,98.35% 확률로 긍정 리뷰입니다.
215,애가 잘먹고 다이어트에도 도움이되어서 계속 먹일려규요,99.16% 확률로 긍정 리뷰입니다.
216,살빼려고 샀어요 아직 살빠지는건 잘모르겠지만 잘먹어요,91.03% 확률로 긍정 리뷰입니다.
217,공갈빵처럼 달 부서져서이빨약한 노견에게도 좋아요.,81.65% 확률로 긍정 리뷰입니다.
218,늘 먹던거라 재구매합니다 라온이 다올이의 주식입니다,98.01% 확률로 긍정 리뷰입니다.
219,항상 먹이는사료예요 이거먹이고 눈물다잡혀서 좋아요~,98.25% 확률로 긍정 리뷰입니다.
220,살찌는것 같아서 야채들은걸로 골랐는데 잘먹고 있어요,96.73% 확률로 긍정 리뷰입니다.
221,먹여볼까 해서 샘플 구매했어요 잘 먹어서 다행이에요,98.83% 확률로 긍정 리뷰입니다.
222,저희는 잘 안먹어서 코코넛 오일 뿌려주니 잘먹었어요,97.46% 확률로 긍정 리뷰입니다.
223,애가 잘 먹어요 안씹어먹는놈인데 잘 씹어먹어요!!,98.64% 확률로 긍정 리뷰입니다.
224,살쩌서 다이어트용으로 주문했어요..잘 먹어주길..,97.22% 확률로 긍정 리뷰입니다.
225,루피가 각질도심하고 다이어트중인데 아주 딱입니다!,98.73% 확률로 긍정 리뷰입니다.
226,아이들이 좋아하는 거라 재구매했네요 추천합니다,98.82% 확률로 긍정 리뷰입니다.
227,제일 잘먹어서 본품 입고 알림 대기 중이예요 :),58.52% 확률로 긍정 리뷰입니다.
228,방구냄새가 좀 독하긴하지만 똥도잘싸고 조은거같어요,96.64% 확률로 긍정 리뷰입니다.
229,빠르고 저렴하게 잘 샀습니다다음에 또 주문할게요,98.90% 확률로 긍정 리뷰입니다.
230,꼼꼼하게 포장해서 잘받았습니다 ㆍ감사합나다 !,94.39% 확률로 긍정 리뷰입니다.
231,할인가격으로 저렴하게 구입했어어요 애들도 잘먹어요,98.71% 확률로 긍정 리뷰입니다.
232,이거 진짜 잘먹어요! 그냥 주면 다 먹어요 ㅋㅋㅋ,93.54% 확률로 긍정 리뷰입니다.
233,매일매일 너무 잘먹어서 줄때마다 뿌듯뿌듯합니다!,98.53% 확률로 긍정 리뷰입니다.
234,꾸준히 잘먹어요 좋아한다 양많아요 냄새안나고요,96.67% 확률로 긍정 리뷰입니다.
235,여채로만 만들어서 그런지 냄새가 고소하니 좋아요,97.95% 확률로 긍정 리뷰입니다.
236,맛나게 잘먹어요 굿굿굿구~~웃 애들좋아해요,98.81% 확률로 긍정 리뷰입니다.
237,늘 먹이는거에요~알러지 있는 아이들에게 좋아요!,98.54% 확률로 긍정 리뷰입니다.
238,매번시키던거 좋아요 ㅎㅎ 응가냄새도 안나고!!!,97.88% 확률로 긍정 리뷰입니다.
239,처음 먹여보는거라 걱정했는데 맛있게 잘 먹어요!,99.11% 확률로 긍정 리뷰입니다.
240,알러지때문에 성견 되고 난 후에는 이것만 먹어요,84.78% 확률로 긍정 리뷰입니다.
241,사료 바꿔주려고 알러지 테스트 중인데 잘먹어요,98.39% 확률로 긍정 리뷰입니다.
242,베지터리언은 안좋아할거 같지만..샘플구매해봤어요,93.88% 확률로 긍정 리뷰입니다.
243,늘 잘먹는 사료에요 다이어트 사료에요 섞여먹여요,98.28% 확률로 긍정 리뷰입니다.
244,쌤플은 잘먹어용 ㅎㅎ다먹이고 한번 사줘야갯어용,97.27% 확률로 긍정 리뷰입니다.
245,이건 안먹네요. 요즘 입맛이 까다로워져서 그런듯,99.44% 확률로 부정 리뷰입니다.
246,저희 강아지는 잘 먹어요 다이어트에도 도윰 되요,98.66% 확률로 긍정 리뷰입니다.
247,아직 먹여보지는 않았지만 울애기 잘먹을거같아요,98.22% 확률로 긍정 리뷰입니다.
248,몇년째 먹여요^^ 펫프가 젤 저렴~~ 감사해요,98.29% 확률로 긍정 리뷰입니다.
249,아이의 피부가 엄청 좋아졌어요. 빠른 배송,98.51% 확률로 긍정 리뷰입니다.
250,역시 로얄캐닌ㅜㅜ 사료 안먹을땐 로얄캐닌이네요,97.26% 확률로 긍정 리뷰입니다.
251,편식하는 우리 댕댕이들이 제일 좋아하는 사료,97.18% 확률로 긍정 리뷰입니다.
252,애들 잘 먹어요 환장합니다 아주 쿵따리ㅜ샤바라,97.52% 확률로 긍정 리뷰입니다.
253,재구매합니다 또했어요 주식이다보니 추천합니다,98.42% 확률로 긍정 리뷰입니다.
254,개별포장되어있어서 눅눅하지않게 먹일수있어좋아용,99.62% 확률로 긍정 리뷰입니다.
255,섞어서 먹이려고 구매했네요 잘먹기를 바라머~,93.60% 확률로 긍정 리뷰입니다.
256,아주 잘먹어요체중도 줄고 응아 냄새도 안나요,96.99% 확률로 긍정 리뷰입니다.
257,잘받았습니다 !! 애들이 잘 먹어서 다행이에욤,97.17% 확률로 긍정 리뷰입니다.
258,두번째 구입해서 먹이고 있는데요잘 먹어요!,98.47% 확률로 긍정 리뷰입니다.
259,너무잘먹어요^^우리애가 밥을 이리잘먹는줄...,93.53% 확률로 긍정 리뷰입니다.
260,처음 먹여 보는거라서 잘 관찰해봐야 겠어요.,97.27% 확률로 긍정 리뷰입니다.
261,언제나 잘먹어서 친구한테도 추천해줬어요 ㅎㅎ,99.15% 확률로 긍정 리뷰입니다.
262,우리집 멍뭉이가 항상 시켜먹는 사료입니다!,97.81% 확률로 긍정 리뷰입니다.
263,강쥐들 응가냄새가 없어서 좋아요잘 먹어용,99.24% 확률로 긍정 리뷰입니다.
264,항상 잘먹고있습니당 우리 애기가 좋아해용~~,98.93% 확률로 긍정 리뷰입니다.
265,알러지도 안일어나고 잘먹고 응가도 잘합니다,94.44% 확률로 긍정 리뷰입니다.
266,만족해요. 석달은 먹는것같아요 기호성이N아요,94.03% 확률로 긍정 리뷰입니다.
267,아직 급여전인데 알러지반응 보려고 주문했어요,94.51% 확률로 긍정 리뷰입니다.
268,체중조절을 해줘야 해서 항상 이사료만 먹여요,93.63% 확률로 긍정 리뷰입니다.
269,좋아요~~~~~~~~~~~~~~~~~~~~,64.89% 확률로 긍정 리뷰입니다.
270,먹여보진 않았지만 후기좋아서 기대중입니다!,97.63% 확률로 긍정 리뷰입니다.
271,너무 좋아요ㅎㅎㅎ 강아지가 제일 잘 먹어요,98.28% 확률로 긍정 리뷰입니다.
272,사료 샘플로 테스트 할 수 있어서 좋네요,98.59% 확률로 긍정 리뷰입니다.
273,먹이던 사료입니다~배송이 잘와서 좋았어요,98.02% 확률로 긍정 리뷰입니다.
274,앙먹어요 ㅠㅜㅜㅜ입맛이팜....뭘먹여야할지,66.64% 확률로 긍정 리뷰입니다.
275,늘 먹이는 사료에요 빠른 배송 감사합니다,97.80% 확률로 긍정 리뷰입니다.
276,빠른배송 감사합니다개별포장이라 좋습니다~,97.48% 확률로 긍정 리뷰입니다.
277,타사이트보다 월등히 저렴해서 너무행복합니다,97.76% 확률로 긍정 리뷰입니다.
278,애정하는 아이템! 알러지도 줄고 좋아요!!,94.72% 확률로 긍정 리뷰입니다.
279,개별포장도좋고 기호성도 꽤 괜찮은거같네요,98.86% 확률로 긍정 리뷰입니다.
280,단백질 함량 낮은 사료라 먹이기 괜찮아요,94.67% 확률로 긍정 리뷰입니다.
281,아이들이 잘먹어 재구매합니다 또구매할께요,98.94% 확률로 긍정 리뷰입니다.
282,장약하고 소화력 약한 강아지 추천입니다!,81.44% 확률로 부정 리뷰입니다.
283,항상잘먹는 거예요.감사합니다 ㅎㅎ 그럼,95.93% 확률로 긍정 리뷰입니다.
284,잘 먹이고 있어요~~~~자주해주세요~~~,96.08% 확률로 긍정 리뷰입니다.
285,오도독 오도독 잘먹어요ㅜㅜ소리가 귀여워요,97.42% 확률로 긍정 리뷰입니다.
286,테스트 할 때 관심도 없었다는 .ㅠㅠㅠㅠ,86.05% 확률로 부정 리뷰입니다.
287,잘먹고 있어요~~오늘도 주문 예저ㅇ입니당,93.41% 확률로 긍정 리뷰입니다.
288,기존 사료에 섞어주는데 엄청 잘 먹어요.,98.63% 확률로 긍정 리뷰입니다.
289,늘 먹는 사료라서 떨어지기전에 늘구입해요,98.38% 확률로 긍정 리뷰입니다.
290,우리 강쥐에게 좋은 것 같아 구매합니다,98.01% 확률로 긍정 리뷰입니다.
291,기호성도 좋고 응가냄새도 덜한것 같아요!,97.59% 확률로 긍정 리뷰입니다.
292,라온이 다올이의 주식이라 재구매했어요,97.53% 확률로 긍정 리뷰입니다.
293,배송도빨리도착할줄몰랐어요.최고임니다,99.43% 확률로 긍정 리뷰입니다.
294,늘먹이는거예요~~♡잘먹어서 좋아요!!,98.43% 확률로 긍정 리뷰입니다.
295,사료 재구매합니다 사료로 쓰고 있어서요,97.73% 확률로 긍정 리뷰입니다.
296,너무 좋아해요 !!!!!!!!!!!!!,95.03% 확률로 긍정 리뷰입니다.
297,안 먹던 사료를 잘 먹어요 이거 덕분에,92.74% 확률로 긍정 리뷰입니다.
298,"입 까다로운 울 강쥐,,, 안먹어요ㅠㅠ",63.71% 확률로 부정 리뷰입니다.
299,배송도 품질도 가격도 만족 F니다!!!,97.87% 확률로 긍정 리뷰입니다.
300,늘 먹이던거라 좋아유ㅎㅎㅎㅎㅎㅎㅎㅎㅎㅎ,99.27% 확률로 긍정 리뷰입니다.
301,가격도 착하고 기호도가 높아서 짱이에여,98.91% 확률로 긍정 리뷰입니다.
302,강아지 다이어트를 위해서 시켜봤어요!,97.84% 확률로 긍정 리뷰입니다.
303,항상 떨어지기전에 주문하는 상품이예요,93.92% 확률로 긍정 리뷰입니다.
304,로나가 매번 먹이는 사료입니다~~♡,97.37% 확률로 긍정 리뷰입니다.
305,비싸지만 값을해요 최고입니다!!!!!,98.02% 확률로 긍정 리뷰입니다.
306,좋습니다!!!알러지도 안올라와요~~~,80.73% 확률로 긍정 리뷰입니다.
307,좋아요 매일 먹이는 사료입니다!!!!,95.93% 확률로 긍정 리뷰입니다.
308,자주 구매합니당 애들이 잘먹어용 ㅎㅎ,99.29% 확률로 긍정 리뷰입니다.
309,아직 안먹여봤는데 잘 먹었음 좋겠네여,91.53% 확률로 긍정 리뷰입니다.
310,유기농 야채사료~너무 맛있게 먹어요~,99.30% 확률로 긍정 리뷰입니다.
311,살빼려고 샀는데 체중 많이 감량했어요,57.38% 확률로 긍정 리뷰입니다.
312,저희강아지는 잘 먹어요 다이어트 최고,98.93% 확률로 긍정 리뷰입니다.
313,잘 먹어요. 응가가 좀 잘 나오는듯?,88.47% 확률로 긍정 리뷰입니다.
314,마번너무 잘먹는둥 이거밖에 안무거요ㅠ,72.85% 확률로 부정 리뷰입니다.
315,잘먹고 잘싸고 알러지반응없어서 좋아요,99.01% 확률로 긍정 리뷰입니다.
316,알러지가 있는 아가들한테 좋은사료에요,96.67% 확률로 긍정 리뷰입니다.
317,늘 먹던거예요 알러지반응없고 좋아요,98.04% 확률로 긍정 리뷰입니다.
318,알러지가있어서 먹게榮쨉 좋네요^^,96.76% 확률로 긍정 리뷰입니다.
319,감사합니다더많이맛있는사료만들어주세요,93.45% 확률로 긍정 리뷰입니다.
320,저렴하고 좋은 상품 감사드립니다.,95.85% 확률로 긍정 리뷰입니다.
321,오랜만에 사료 바꿔중건데 잘먹어요,98.61% 확률로 긍정 리뷰입니다.
322,개별 포장이어서 좋아요 잘 먹어용~,99.00% 확률로 긍정 리뷰입니다.
323,애들이 잘먹어요 살도많이빠졌구요,97.63% 확률로 긍정 리뷰입니다.
324,유기농이라서그런지 믿고 먹일수있어요,98.85% 확률로 긍정 리뷰입니다.
325,알러지가 심해서 채식 사료만 먹여요,72.30% 확률로 부정 리뷰입니다.
326,먼저먹였는데 부드러워서 잘먹네요,97.96% 확률로 긍정 리뷰입니다.
327,유기농이라 믿고 구매. 잘 먹어요,98.77% 확률로 긍정 리뷰입니다.
328,이거만 먹이니 썩 좋아하지 않네요,96.80% 확률로 부정 리뷰입니다.
329,다행이 잘먹어요 :) 아주 좋아요,96.41% 확률로 긍정 리뷰입니다.
330,아이들이잘먹내요 배송도 빠르고,95.45% 확률로 긍정 리뷰입니다.
331,확실히 살은 별로 안찌는구같아요,86.18% 확률로 긍정 리뷰입니다.
332,배변냄새가 많이 줄었어요 ㅎㅎ,94.64% 확률로 긍정 리뷰입니다.
333,살빼려고 샀는데 잘 먹겟죵?-?,97.89% 확률로 긍정 리뷰입니다.
334,애들이 너무 좋아라해요 최고에요,98.45% 확률로 긍정 리뷰입니다.
335,머든 잘먹는 울애기 이것도 순삭,97.65% 확률로 긍정 리뷰입니다.
336,항상 맛있게 잘 먹구 있어요^^,97.99% 확률로 긍정 리뷰입니다.
337,나나아앙마싯어요 머ㅓㅇ무어ㅓ어에,91.72% 확률로 긍정 리뷰입니다.
338,처음 먹는건데 잘 먹어서 좋아요,98.50% 확률로 긍정 리뷰입니다.
339,베지테리언인데도생각보다 잘먹네요,93.17% 확률로 긍정 리뷰입니다.
340,완전 잘먹어요! 재구매해야겠어요,98.51% 확률로 긍정 리뷰입니다.
341,강아지가 잘 먹어요 다행이네용,96.27% 확률로 긍정 리뷰입니다.
342,베지사료끼리 섞어먹이기 좋아여,97.74% 확률로 긍정 리뷰입니다.
343,맛은별로인가보네요ㅠㅠ잘안먹네요,99.81% 확률로 부정 리뷰입니다.
344,늘 먹이던거라 아주아주 마ㄴ족,96.86% 확률로 긍정 리뷰입니다.
345,잘먹어용 첨시켜봤는데 괜찮네여,96.92% 확률로 긍정 리뷰입니다.
346,소화가 잘되는지 엄청 잘먹어요,97.96% 확률로 긍정 리뷰입니다.
347,하나하나 포장되있어서 좋앗어요,98.22% 확률로 긍정 리뷰입니다.
348,샘플로 먹여보려고 신청했어요,96.72% 확률로 긍정 리뷰입니다.
349,아주 잘먹구 재구매 할곱니당,98.87% 확률로 긍정 리뷰입니다.
350,할인해서 저렴하게 잘샀어요,98.91% 확률로 긍정 리뷰입니다.
351,잘먹네요가격도저렴하고좋아요,95.68% 확률로 긍정 리뷰입니다.
352,우리아가가 잘먹어요. 좋아요,98.35% 확률로 긍정 리뷰입니다.
353,항상 먹이는 사료입니당 ㅎㅎ,98.96% 확률로 긍정 리뷰입니다.
354,좋아요 빨리배송와서 좋았어요,94.00% 확률로 긍정 리뷰입니다.
355,다이어트에 아주 좋아요!!!,97.09% 확률로 긍정 리뷰입니다.
356,알갱이가작아서 애들이잘먹어요,95.55% 확률로 긍정 리뷰입니다.
357,너무 잘먹고있어요 감사합니다,95.09% 확률로 긍정 리뷰입니다.
358,너무너무 잘먹는 사료 ㅎㅎㅎ,98.02% 확률로 긍정 리뷰입니다.
359,애기들이 너무 잘 먹어요.,96.37% 확률로 긍정 리뷰입니다.
360,애기가 잘ㅇ억고 좋아해요,97.02% 확률로 긍정 리뷰입니다.
361,그저그러네요 먹다가 말아용,95.03% 확률로 부정 리뷰입니다.
362,빠른배송 너무 감사해요~!,96.48% 확률로 긍정 리뷰입니다.
363,안드세뇨....상전님...,90.48% 확률로 부정 리뷰입니다.
364,굿굿 다이어트에 너무좋아요,97.44% 확률로 긍정 리뷰입니다.
365,먹고 살좀 빠진것같아요.,64.90% 확률로 부정 리뷰입니다.
366,다이어트에 아주조아요!!!,98.38% 확률로 긍정 리뷰입니다.
367,항상 주문하는 제품이에요~,97.72% 확률로 긍정 리뷰입니다.
368,알러지반응없고 좋아요ㅎㅎㅎ,96.09% 확률로 긍정 리뷰입니다.
369,알맹이가 작아서 맘에들어요,97.63% 확률로 긍정 리뷰입니다.
370,베지테리언 기대되네요~!!,60.38% 확률로 부정 리뷰입니다.
371,고소한 냄세가나서 좋아요.,96.16% 확률로 긍정 리뷰입니다.
372,너무 잘 먹어요!ㅎㅎㅎㅎ,97.34% 확률로 긍정 리뷰입니다.
373,애기가 잘먹고 좋아해요,97.07% 확률로 긍정 리뷰입니다.
374,좋아요~!!!!짱짱하게,80.56% 확률로 긍정 리뷰입니다.
375,강아지가 정말 좋아해요,97.29% 확률로 긍정 리뷰입니다.
376,애기가 잘먹어서 좋아요?,97.21% 확률로 긍정 리뷰입니다.
377,기호도짱 가격도짱이에요,98.44% 확률로 긍정 리뷰입니다.
378,꾸준히 먹이고 있습니다!,96.59% 확률로 긍정 리뷰입니다.
379,빠른배송으로 잘왔어요 !,94.94% 확률로 긍정 리뷰입니다.
380,애들이 너무잘먹어요!!,97.13% 확률로 긍정 리뷰입니다.
381,너무너무 잘먹어요 ‘ㅜㅜ,69.62% 확률로 긍정 리뷰입니다.
382,역시나 만족합니다.:),96.65% 확률로 긍정 리뷰입니다.
383,잘 먹음 좋겟네용ㅎㅎㅎ,92.91% 확률로 긍정 리뷰입니다.
384,잘먹어Dㅋㅋㅋㅋㅋㅋㅋㅋ,76.98% 확률로 긍정 리뷰입니다.
385,늘 이거만먹음 개좋아함,96.15% 확률로 긍정 리뷰입니다.
386,항상 먹이던거에요~~,97.44% 확률로 긍정 리뷰입니다.
387,맛있게 잘먹고있습니다,95.61% 확률로 긍정 리뷰입니다.
388,좋아요ㅋㅋㅋㅋㅋㅋㅋㅋ,88.90% 확률로 긍정 리뷰입니다.
389,애기가너무 잘먹어요!,96.37% 확률로 긍정 리뷰입니다.
